"R51, R52, R53, R54, R55, R56, R57, R58, R59, R60, R61, R62, R63, R64, R65, R66, R67, R68, R75, R76, R77, R78, R79, R80, R81, R82",26,Digi-Key,311-0.0GRDKR-ND
"R3, R21, R23, R25, R27, R29, R31, R33, R36, R49A, R49B, R83, R85, R92",14,Digi-Key,311-1.00KHRDKR-ND
"R35, R47A, R47B, R47C, R47D",5,Digi-Key,311-1.00MHRDKR-ND
R72,1,Digi-Key,311-1.50KHRDKR-ND
R88,1,Digi-Key,311-6.49KHRDKR-ND
"R4, R6, R8, R9, R10, R11, R12, R13, R14, R15, R20, R22, R24, R26, R28, R30, R32, R34, R38, R42, R43A, R43B, R43C, R43D, R43E, R43F, R43G, R45A, R45B, R45C, R45D, R46A, R46B, R46C, R46D, R71, R74, R86, R89, R91",40,Digi-Key,311-10.0KHRDKR-ND
R69,1,Digi-Key,311-11.0KHRDKR-ND
"R5, R44A, R44B, R44C, R44D, R44E, R44F, R44G, R84",9,Digi-Key,311-20.0KHRDKR-ND
"R48A, R48B, R50A, R50B",4,Digi-Key,311-33.0HRDKR-ND
R73,1,Digi-Key,311-34.0KHRDKR-ND
R2,1,Digi-Key,311-43.0KHRDKR-ND
"R37, R39, R40, R41",4,Digi-Key,311-100KHRDKR-ND
R90,1,Digi-Key,311-120HRDKR-ND
R87,1,Digi-Key,311-220HRDKR-ND
"R7, R16, R17, R18, R19",5,Digi-Key,311-330HRDKR-ND
C31,1,Digi-Key,490-10730-1-ND
"C67, C68",2,Digi-Key,490-1410-6-ND
"C40A, C40B, C40C, C40D, C42A, C42B, C42C, C42D, C70, C71",10,Digi-Key,311-1080-1-ND
C21,1,Digi-Key,490-5764-1-ND
"C38A, C38B, C38C, C38D, C38E, C38F, C38G, C41A, C41B, C41C, C41D",11,Digi-Key,490-14483-6-ND
"C7, C12, C16, C17, C18, C19, C20, C22, C23, C26, C27, C28, C29, C30, C32, C35, C39A, C39B, C39C, C39D, C39E, C39F, C39G, C43A, C43B, C43C, C43D, C44A, C44B, C48, C49, C52, C58, C59, C61, C63, C65, C66, C72",39,Digi-Key,490-5798-6-ND
"C46A, C46B",2,Digi-Key,311-1446-1-ND
"C8, C9, C10, C11, C33, C34, C36, C37, C53, C54, C55",11,Digi-Key,490-12323-1-ND
"C62, C64",2,Digi-Key,1276-7076-1-ND
"U13A, U13B, U13C, U13D",4,Digi-Key,AD8494ARMZ-ND
"U12A, U12B, U12C, U12D, U12E, U12F, U12G",7,Digi-Key,ADA4091-2ARZ-ND
"U17, U18",2,Digi-Key,ADP7142ARDZ-R7CT-ND
U1,1,Digi-Key,MAX4372HESA+-ND
U9,1,Digi-Key,ATSAME54N20A-AU-ND
BAT1,1,Digi-Key,728-1057-ND
C69,1,Digi-Key,587-1256-6-ND
"C45A, C45B, C47A, C47B",4,Digi-Key,445-5201-1-ND
J24,1,Digi-Key,732-5316-ND
D29,1,Digi-Key,1N4148WTDKR-ND
D1,1,Digi-Key,B1100-FDICT-ND
"FB1, FB2, FB3, FB4, FB6, FB7, FB8, FB9",8,Digi-Key,587-1923-6-ND
P1,1,Digi-Key,SAM8796-ND
F1,1,Digi-Key,486-1260-ND
L1,1,Digi-Key,587-2170-6-ND
U2,1,Digi-Key,497-1241-6-ND
"U3, U16",2,Digi-Key,NCP1117DT50RKGOSDKR-ND
"D2, D4, D5, D6, D7, D8",6,Digi-Key,C503B-GCS-CB0C0781-ND
"D11, D12, D15, D16, D19, D20, D22, D31",8,Digi-Key,475-1415-6-ND
"U6, U7",2,Digi-Key,296-21929-6-ND
"J20A, J20B, J20C, J20D, J20E, J20F, J20G, J22A, J22B",9,Digi-Key,WM1814-ND
J1,1,Digi-Key,WM11594-ND
"Q2, Q3, Q4, Q5, Q6, Q7, Q8, Q9",8,Digi-Key,296-24522-1-ND
U21,1,Digi-Key,AD8675ARMZ-ND
Q1,1,Digi-Key,SI7615ADN-T1-GE3CT-ND
R1,1,Digi-Key,CSNL1206FT2L00DKR-ND
"D9, D10, D13, D14, D17, D18, D21, D30",8,Digi-Key,B540C-FDICT-ND
"D26A, D26B",2,Digi-Key,641-1321-6-ND
"D25A, D25B, D27A, D27B, D28A, D28B",6,Digi-Key,SMAJ12A-E3/61GICT-ND
"D23A, D23B, D23C, D23D, D23E, D23F, D23G",7,Digi-Key,SMAJ18CA-E3/61GIDKR-ND
"U4, U5",2,Digi-Key,MC33797BPEWR2DKR-ND
SW1,1,Digi-Key,CKN5006-ND
SW2,1,Digi-Key,450-1759-1-ND
U8,1,Digi-Key,497-5235-1-ND
J18,1,Digi-Key,SAM8891-ND
X1,1,Digi-Key,300-8816-6-ND
X2,1,Digi-Key,XC1817DKR-ND
